{
  "axes": {},
  "mattr": [
    0.7114333863797111,
    0.07240527532240336
  ],
  "spread": [
    0.20288273692131042,
    0.009432925842702389
  ],
  "formal": [
    0.9356769948423254,
    0.13125760051500873
  ],
  "anchor_style": [
    -0.0477197989821434,
    0.0021051999647170305
  ],
  "first": [
    0.015056810144488227,
    0.012050712817117193
  ],
  "eval": [
    0.19184965393553605,
    0.03921553108657636
  ],
  "cert": [
    0.0014989592805900779,
    0.002720027922028823
  ],
  "spec": [
    0.002298236839446297,
    0.004150883998697294
  ],
  "raw_어휘": [
    -5.210787228815092e-07,
    0.6623065058942433
  ],
  "raw_어체": [
    5.392166271820072e-08,
    0.7146659296774842
  ],
  "raw_주관": [
    -1.4645924835309734e-16,
    0.5357783241461724
  ],
  "median_어휘": 0.007983887001003446,
  "median_어체": 0.11293769253044403,
  "median_주관": -0.11601517774612047,
  "median_어휘_mattr": 0.07411909693586068,
  "mattr_median": 0.7168,
  "style_graded_median": 0.8000000000000003,
  "cal_전문성": 0.16554999999999992,
  "cal_어체": 0.8718874999999999,
  "cal_어휘": 0.8113,
  "cal_주관성": -1.095375,
  "axes_used": [
    "전문성",
    "어체",
    "주관성"
  ]
}